<?xml version="1.0" encoding="UTF-8"?>
<project-private xmlns="http://www.netbeans.org/ns/project-private/1">
    <editor-bookmarks xmlns="http://www.netbeans.org/ns/editor-bookmarks/2" lastBookmarkId="0"/>
    <open-files xmlns="http://www.netbeans.org/ns/projectui-open-files/2">
        <group>
            <file>file:/D:/Nibm/BillingSystem/src/DailyReport.java</file>
            <file>file:/D:/Nibm/BillingSystem/src/NewUser.java</file>
            <file>file:/D:/Nibm/BillingSystem/src/ManageUsers.java</file>
            <file>file:/D:/Nibm/BillingSystem/src/Bill.java</file>
            <file>file:/D:/Nibm/BillingSystem/src/Usertype.java</file>
            <file>file:/D:/Nibm/BillingSystem/src/AdminLogScreen.java</file>
        </group>
    </open-files>
</project-private>
